Name,Item,Item2
Tax,Tax Bill,Tax Balance
Tax Bill,Tax Bill CY,Tax Bill LY
Tax Bill CY,Tax Bill CY Attach,Tax Bill CY Email
Tax Bill CY Attach,pdf,jpg
Tax Bill LY,Tax Bill LY Attach,Tax Bill LY Email
Tax Bill LY Attach,pdf,jpg
Tax Balance,Tax Balance CY,Tax Balance LY
Tax Balance CY,Tax Bal CY Attach,Tax Bal CY Email
Tax Bal CY Attach,pdf,jpg
Tax Balance LY,Tax Bal LY Attach,Tax Bal LY Email
Tax Bal LY Attach,pdf,jpg
Water,Water Bill,Water Balance
Water Bill,Water Bill CY,Water Bill LY
Water Bill CY,Water Bill CY Attach,Water Bill CY Email
Water Bill CY Attach,pdf,jpg
Water Bill LY,Water Bill LY Attach,Water Bill LY Email
Water Bill LY Attach,pdf,jpg
Water Balance,Water Balance CY,Water Balance LY
Water Balance CY,Water Bal CY Attach,Water Bal CY Email
Water Bal CY Attach,pdf,jpg
Water Balance LY,Water Bal LY Attach,Water Bal LY Email
Water Bal LY Attach,pdf,jpg
